reward_terms/alive,reward_terms/foot_slip,reward_terms/assist_pen,reward_terms/angmom,reward_terms/coef_rate,curriculum/cmd_track_err,reward_terms/energy,curriculum/cmd_scale,reward_terms/phase_contact,time/fps,time/total_timesteps,reward_terms/step_rate,reward_terms/action_rate,reward_terms/stance,rollout/ep_rew_mean,reward_terms/foot_ahead,ankle/ankle_spring_energy_peak,reward_terms/time,reward_terms/stand_drift,reward_terms/torque,reward_terms/stance_time,time/time_elapsed,reward_terms/track_yaw,reward_terms/upright,curriculum/ent_coef,ankle/ankle_defl_peak,reward_terms/stand,curriculum/eff_scale,reward_terms/motor_vel,reward_terms/duty_sym,reward_terms/track_lin,reward_terms/ang_xy,reward_terms/clearance,reward_terms/stop,reward_terms/height,time/iterations,reward_terms/residual_rate,ankle/ankle_spring_trq_peak,reward_terms/fwd_speed,curriculum/stance_ratio,reward_terms/air_time,rollout/ep_len_mean,reward_terms/hip_roll,reward_terms/lat_vel,reward_terms/overrun,reward_terms/vz,reward_terms/residual,train/clip_fraction,train/policy_gradient_loss,train/explained_variance,train/value_loss,train/approx_kl,train/learning_rate,train/n_updates,train/entropy_loss,train/std,train/clip_range,train/loss
0.5,-0.2064247911653012,0.0,-0.23908862592643582,-0.44071997771647065,0.7990346933850321,0.0,0.0,-0.10959280959694945,3967,18432,0.0,-0.07398157435126546,-0.002063423242415126,-78.6610972142857,0.0,0.0,0.0,-0.03377747772476581,0.0,-0.0017508872034442094,4,0.45949030518280387,-0.4047934597825982,0.01,0.519284358227937,0.19253647634663826,0.0,0.0,0.0,0.7899980498650234,-0.2853848425802607,0.0233274122508726,0.0,-0.03114703040857723,1,0.0,0.0,0.0,0.7,3.7977297324687243e-06,169.62244897959184,-0.044692000418000526,-0.49087354913027453,0.0,-0.1784938454001335,-0.10932218484447326,,,,,,,,,,,
0.5,-0.2262829894714357,0.0,-0.2648611576610637,-0.4622333486884542,0.6633785142761169,0.0,0.0,-0.08926431176415514,3815,36864,0.0,-0.07278889488341381,-0.008773198413950564,-77.44900713,0.0,0.0,0.0,-0.03369441987888937,0.0,-0.0002324733197585576,9,0.3946069330473143,-0.43155655486435474,0.01,0.5185309231615503,0.15936418920299836,0.0,0.0,0.0,0.8661347423478309,-0.3009895507677307,0.018471025285126248,0.0,-0.03651379100542822,2,0.0,0.0,0.0,0.7,0.0,171.07,-0.045877825442648394,-0.5338801313221205,0.0,-0.19623531009320347,-0.10961950789885061,0.16231689453125,-0.006873101287055761,0.5121380686759949,279.8449462890625,0.024213374,0.00029999385599999997,229802,-36.87244815826416,0.9996200203895569,0.2,37.746742248535156
0.5,-0.2689545139347957,0.0,-0.27571807932997855,-0.44925526134394633,0.6944374946394702,0.0,0.0,-0.07681681610375608,3910,55296,0.0,-0.06982972020363501,-0.010948811893840532,-74.90119715,0.0,0.0,0.0,-0.03731798535310429,0.0,-0.00032741635287594463,14,0.3963562706745154,-0.4224719229008327,0.01,0.519244686125574,0.17251969515497267,0.0,0.0,0.0,0.8999327993774789,-0.30249292976351305,0.015648602609692353,0.0,-0.03536192974897172,3,0.0,0.0,0.0,0.7,0.0,170.72,-0.049671919867767554,-0.5250546637454901,0.0,-0.18788960912117764,-0.11007013908572087,0.2197265625,0.018476068158634007,0.8056440353393555,221.83351516723633,0.023121003,0.000299987712,229803,-36.873579025268555,0.9993663430213928,0.2,85.68194580078125
0.5,-0.23478095772141538,0.0,-0.23946105808667578,-0.46432477115064696,0.6626497094033287,0.0,0.0,-0.10577750590377594,3933,73728,0.0,-0.06984224752750348,-0.015799669839980504,-73.19825503999999,0.0,0.0,0.0,-0.02231588435932748,0.0,-0.0004985848596940438,18,0.394085193678156,-0.413077617483866,0.01,0.5191946774844303,0.11779679225552411,0.0,0.0,0.0,0.9869234564053792,-0.30669240255446373,0.024415433846854465,0.0,-0.03397462146021411,4,0.0,0.0,0.0,0.7,1.4648413828884562e-05,168.09,-0.04791118334164206,-0.5023084964082263,0.0,-0.18196909882128023,-0.11023217089766352,0.3046722412109375,-0.010966090354486369,0.7916555404663086,109.9290280342102,0.04997568,0.000299981568,229807,-36.88435387611389,1.0002464056015015,0.2,28.770292282104492
0.5,-0.25872935421209703,0.0,-0.234519669816934,-0.4574773140549378,0.627883387588158,0.0,0.0,-0.09489413816344001,3956,92160,0.0,-0.068860049218257,-0.0253250015869217,-76.94931017,0.0,0.0,0.0,-0.022233957999036658,0.0,-0.000500347953574318,23,0.39132945941341135,-0.40207787984927734,0.01,0.5193700960804754,0.13191697339829478,0.0,0.0,0.0,0.8966394812190734,-0.30192793435893195,0.024933448521927044,0.0,-0.03692560562582932,5,0.0,0.0,0.0,0.7,2.4414010113105178e-05,169.06,-0.04756615072407417,-0.4976118658398282,0.0,-0.19137134493591834,-0.110336474408963,0.272314453125,0.019488806137815118,0.8844739198684692,109.76124572753906,0.026237924,0.000299975424,229808,-36.881910705566405,0.9997721910476685,0.2,38.26335144042969
0.5,-0.2733010773356608,0.0,-0.2215388707797237,-0.4685885154313344,0.642931012096524,0.0,0.0,-0.09413962650042046,3971,110592,0.0,-0.07305857282942652,-0.029513122658561666,-70.86665176,0.0,0.0,0.0,-0.020257306391664245,0.0,-0.0008738819257511447,27,0.38107015963131957,-0.41433709627174825,0.01,0.5191393372964592,0.13272291884101167,0.0,0.0,0.0,1.1063943141787738,-0.3143035647750516,0.02005876220206872,0.0,-0.029319004754540506,6,0.0,0.0,0.0,0.7,3.4722150303423405e-05,167.51,-0.05151192120402323,-0.467151386589715,0.0,-0.1683609790158781,-0.11070406971110869,0.22126116071428573,0.0013845735894782202,0.8903027176856995,77.84038870675224,0.049159337,0.00029996928,229810,-36.88653891427176,1.0001300573349,0.2,34.42987823486328
0.5,-0.2986702813487885,0.0,-0.25791869655613414,-0.45852609651285253,0.7005697921325694,0.0,0.0,-0.09860271770725765,3993,129024,0.0,-0.07027944168970995,-0.047451920804990916,-73.0266977,0.0,0.0,0.0,-0.02124723014630848,0.0,-0.0006156370541753455,32,0.39133190736320633,-0.41665110354881735,0.01,0.5190347664144451,0.16831673433862046,0.0,0.0,0.0,0.9542341265292227,-0.2978565454148208,0.019329347014042354,0.0,-0.03735524747619964,7,0.0,0.0,0.0,0.7,2.495653461664915e-05,169.02,-0.04911547317610355,-0.5137125786955983,0.0,-0.2004666132953211,-0.11067215401055026,0.2642415364583333,0.011982423874239126,0.882316529750824,72.05936813354492,0.057245567,0.000299963136,229812,-36.886887868245445,1.0000696182250977,0.2,29.916099548339844
0.5,-0.2689266496117948,0.0,-0.2231440163430414,-0.46657043503302087,0.5974966622962491,0.0,0.0,-0.08226769868607195,4006,147456,0.0,-0.06853276449778155,-0.048629367921315614,-70.99103815,0.0,0.0,0.0,-0.027070819235183993,0.0,-0.0006728740635379734,36,0.39384952930166434,-0.4031647627651201,0.01,0.5191254532341458,0.18677554012215686,0.0,0.0,0.0,1.0212103762719178,-0.30668894916190526,0.019120557745640927,0.0,-0.03415069831908858,8,0.0,0.0,0.0,0.7,5.42524503543973e-07,166.5,-0.05382200341280955,-0.4706401446472539,0.0,-0.18158043091750642,-0.110648546875299,0.2525227864583333,0.01939285158490141,0.8645330667495728,67.70097351074219,0.02617231,0.000299956992,229813,-36.882058461507164,0.9997258186340332,0.2,30.78133773803711
0.5,-0.2915170679300378,0.0,-0.2280322493017556,-0.45277123157276183,0.6314336388901646,0.0,0.0,-0.07291679480246269,4017,165888,0.0,-0.06787038631564668,-0.04787666799605311,-68.02628233,0.0,0.0,0.0,-0.029296566208480177,0.0,-0.00046969606935615756,41,0.37988426786152424,-0.41578071014689016,0.01,0.5192909555118962,0.1952852880946384,0.0,0.0,0.0,1.1155127632678614,-0.31385391620708974,0.01635012430856045,0.0,-0.03554238269842443,9,0.0,0.0,0.0,0.7,8.680527874579033e-06,169.65,-0.05464432291941074,-0.47632018206461524,0.0,-0.19141804828402606,-0.11076273507284265,0.29443359375,0.020108048571273685,0.8641831874847412,61.56584167480469,0.028069552,0.00029995084799999997,229814,-36.88488292694092,0.9999671578407288,0.2,28.48455238342285
0.5,-0.3185086499243474,0.0,-0.21940282519044743,-0.45254264010145856,0.6762439290970202,0.0,0.0,-0.10515302227988303,4023,184320,0.0,-0.06330508020588993,-0.05862465431555471,-77.80285291999999,0.0,0.0,0.0,-0.023247467970289114,0.0,-0.0010012425449935512,45,0.3731373211441445,-0.39204354093391697,0.01,0.5194318764192337,0.1212204521075928,0.0,0.0,0.0,0.8773001040269492,-0.30061274957193435,0.022504030931270708,0.0,-0.03777618880569916,10,0.0,0.0,0.0,0.7,2.0616280380636454e-05,168.4,-0.05288096128429821,-0.4709897316134966,0.0,-0.1957303625136241,-0.11080365167689517,0.27197265625,0.017035636119544506,0.8365763425827026,62.09940719604492,0.02525484,0.00029994470399999997,229815,-36.88756790161133,1.000166893005371,0.2,27.633026123046875
0.5,-0.305141085380894,0.0,-0.21227405632096163,-0.4462048308142726,0.6574947882866278,0.0,0.0,-0.13116686611000328,4033,202752,0.0,-0.06572744934572743,-0.06665200330375426,-78.44883016,0.0,0.0,0.0,-0.010157464357188804,0.0,-0.0019523018644475895,50,0.35140349762612605,-0.41305134593234594,0.01,0.5228881994036276,0.13509587430450962,0.0,0.0,0.0,0.9292473862150372,-0.32342889119301915,0.027949185261101392,0.0,-0.03452150418399749,11,0.0,0.0,0.0,0.7,2.1158814585457247e-05,168.01,-0.056980817777791924,-0.46629170287165383,0.0,-0.18341923103006047,-0.110868072755727,0.27935791015625,0.016716003883630037,0.8332582712173462,58.04781436920166,0.025957063,0.00029993856,229816,-36.88717460632324,1.000119924545288,0.2,25.41465950012207
0.5,-0.32419903463290123,0.0,-0.23199201272157652,-0.44670538782146096,0.6350575125285371,0.0,0.0,-0.10695104278251955,4040,221184,0.0,-0.061595758687119875,-0.05831579135399642,-79.14044445999998,0.0,0.0,0.0,-0.021967130561289044,0.0,-0.0008207143675665268,54,0.36731565642083247,-0.391587292113064,0.01,0.5211744761514834,0.16033043095911237,0.0,0.0,0.0,0.9292524764456004,-0.29380163302833756,0.025078654476626962,0.0,-0.03895619672096521,12,0.0,0.0,0.0,0.7,4.882798142110308e-06,168.59,-0.05124879621741605,-0.47547598034384325,0.0,-0.19961368584706554,-0.11082846969397692,0.33221435546875,0.02469331445172429,0.8505081534385681,58.92103290557861,0.03357063,0.000299932416,229817,-36.89066696166992,1.0003252029418945,0.2,26.971019744873047
0.5,-0.3091806429103605,0.0,-0.24613025602270192,-0.43717529080701256,0.6297798397034703,0.0,0.0,-0.06984566593960999,4044,239616,0.0,-0.06147484306511034,-0.0651691622156257,-67.71340689,0.0,0.0,0.0,-0.028011434982122434,0.0,-0.0002004643578806685,59,0.36206041811292333,-0.39914433884043593,0.01,0.5193398874060284,0.17257480873464168,0.0,0.0,0.0,1.066429532753392,-0.29999822944951465,0.015413631881078,0.0,-0.03990746816560051,13,0.0,0.0,0.0,0.7,1.3020801513145367e-05,165.6,-0.05132140348237376,-0.47382367452209173,0.0,-0.2078247454770594,-0.11074802683584312,0.266357421875,0.01785827350492279,0.8581132888793945,60.09118906656901,0.024643729,0.000299926272,229818,-36.89043426513672,1.0001869201660156,0.2,28.557287216186523
0.5,-0.30486357841134404,0.0,-0.21947683543846797,-0.4315663995872553,0.6231623955734665,0.0,0.0,-0.11189482635425661,4048,258048,0.0,-0.06008766691091565,-0.07139400797470444,-79.33156631,0.0,0.0,0.0,-0.02530523831376247,0.0,-0.0011060857488903115,63,0.36219628262915005,-0.38852698416742437,0.01,0.5187021485537874,0.15936108788375525,0.0,0.0,0.0,0.8567523428055214,-0.2997773562887577,0.029118830662784128,0.0,-0.04089082952046205,14,0.0,0.0,0.0,0.7,9.765596284220615e-06,169.68,-0.05142811261053865,-0.47430323477613645,0.0,-0.20668375702148462,-0.1107423603820233,0.31890869140625,0.021255750732962042,0.866952121257782,57.60114765167236,0.032592602,0.000299920128,229819,-36.89542102813721,1.0004891157150269,0.2,28.20642852783203
0.5,-0.33341401189136,0.0,-0.22731574352885764,-0.4518038572823539,0.6735775795984353,0.0,0.0,-0.11186008676124584,4053,276480,0.0,-0.06163045022722328,-0.07817479367290162,-80.20920165,0.0,0.0,0.0,-0.02069788349053276,0.0,-0.001868344961419805,68,0.33446291517086685,-0.37989788845306793,0.01,0.5242652069201336,0.13844044717658513,0.0,0.0,0.0,0.8461343765072278,-0.29331716668362645,0.027108364500758753,0.0,-0.038473753074703326,15,0.0,0.0,0.0,0.7,2.8211749546850722e-05,168.92,-0.055901714983357574,-0.4713104392944332,0.0,-0.20622788511043136,-0.11084422499598756,0.29937744140625,0.021079110767459497,0.8413275480270386,52.49452781677246,0.029496621,0.000299913984,229820,-36.90118885040283,1.000794529914856,0.2,23.962785720825195
0.5,-0.3002416453700944,0.0,-0.21271481559853184,-0.436355129836709,0.6671941899806271,0.0,0.0,-0.10227718301087942,4058,294912,0.0,-0.05992509643628447,-0.06565526429087258,-78.95647217999999,0.0,0.0,0.0,-0.023239039928154747,0.0,-0.0015338729798612702,72,0.38327100307001305,-0.37550852442408,0.01,0.5192970441756426,0.15687476029112615,0.0,0.0,0.0,0.8949237512665614,-0.31216870196809227,0.026980499547456464,0.0,-0.03504578951812079,16,0.0,0.0,0.0,0.7,1.1935733103503784e-05,164.13,-0.052849728723553674,-0.44065428757553216,0.0,-0.19135728363939297,-0.11086252969517174,0.3228759765625,0.020214686985127628,0.8136798143386841,57.65499687194824,0.032183316,0.00029990784,229821,-36.903921127319336,1.0008970499038696,0.2,25.896533966064453
0.5,-0.3466346890445748,0.0,-0.23322578712669242,-0.4638458358860378,0.6850179468950813,0.0,0.0,-0.09122368899008115,4059,313344,0.0,-0.060909080236921716,-0.06743582418737065,-77.96234807,0.0,0.0,0.0,-0.019601961186847143,0.0,-0.0010523763226552142,77,0.3440333517581633,-0.37994250947135305,0.01,0.5194687600247982,0.1335530003245483,0.0,0.0,0.0,0.8999855042333375,-0.27049257505022284,0.022512443018575388,0.0,-0.04960155574966389,17,0.0,0.0,0.0,0.7,5.208324485768875e-05,172.48,-0.049424235803868136,-0.5065526803685423,0.0,-0.2432363075726628,-0.11100521049384945,0.32470703125,0.023319622268900275,0.8594780564308167,52.107465744018555,0.031019099,0.00029990169599999997,229822,-36.903419494628906,1.0008339881896973,0.2,25.366483688354492
0.5,-0.327276390326179,0.0,-0.2186396333137614,-0.4508661449666415,0.7348368937937705,0.0,0.0,-0.11955468667132796,4062,331776,0.0,-0.060122203877920256,-0.06622632328321258,-83.55702885,0.0,0.0,0.0,-0.02195782363603566,0.0,-0.0009460391657840875,81,0.3441226909800078,-0.3902368291237577,0.01,0.5190351734062519,0.17294419675897013,0.0,0.0,0.0,0.791574477550583,-0.2685049849975972,0.03085726588648378,0.0,-0.04341132396778237,18,0.0,0.0,0.0,0.7,2.2243863592545193e-05,170.44,-0.0506432626345262,-0.45820188166276626,0.0,-0.2208085977771465,-0.1107937268077337,0.2864990234375,0.020491844275966287,0.8478940725326538,55.326558113098145,0.026270935,0.00029989555199999996,229823,-36.90289306640625,1.0008283853530884,0.2,25.823684692382812
0.5,-0.33308703810599405,0.0,-0.24077168261049037,-0.4536327811598225,0.7524421592519611,0.0,0.0,-0.07839831981787934,4064,350208,0.0,-0.05906433754265767,-0.06277861132211388,-74.24946412999999,0.0,0.0,0.0,-0.03447765513376439,0.0,-0.0017061277192422291,86,0.3494107721898747,-0.3859074708413207,0.01,0.5192675025291169,0.18072083934371433,0.0,0.0,0.0,0.8764145424489757,-0.25655129128012366,0.02502784252021722,0.0,-0.0529235221057006,19,0.0,0.0,0.0,0.7,4.123255105999609e-05,178.52,-0.05255954610925594,-0.486430458782407,0.0,-0.24653142259108604,-0.11126106169710218,0.30401611328125,0.020375555264763534,0.8472995758056641,55.72821521759033,0.02800145,0.00029988940799999996,229824,-36.9049596786499,1.0009757280349731,0.2,24.464046478271484
0.5,-0.34491288245178375,0.0,-0.25269766476197847,-0.4411050714021047,0.7197748772407468,0.0,0.0,-0.09224124898368803,4067,368640,0.0,-0.05915059634674905,-0.060991581550884875,-78.27620568,0.0,0.0,0.0,-0.03231358781343362,0.0,-0.000694304712750535,90,0.3631186077664252,-0.38731177928866534,0.01,0.5225575233067428,0.1771429414256197,0.0,0.0,0.0,0.8784213151714866,-0.26442531506411554,0.02229837380703816,0.0,-0.05596154616046305,20,0.0,0.0,0.0,0.7,5.37108377708743e-05,173.82,-0.05028715503312737,-0.5219797420999792,0.0,-0.26623611807188335,-0.11095436677355124,0.313232421875,0.022632375825196505,0.8387082815170288,58.23751449584961,0.030004738,0.000299883264,229825,-36.90621376037598,1.0010617971420288,0.2,26.8309383392334
0.5,-0.3349808218652584,0.0,-0.25813227328294314,-0.45851866241259526,0.7317658368178626,0.0,0.0,-0.08535557600369639,4069,387072,0.0,-0.061186910242104875,-0.08036224089251945,-80.75491599,0.0,0.0,0.0,-0.021506311530296984,0.0,-0.0008550294587621465,95,0.3717011551253154,-0.403634942908559,0.01,0.523965607514387,0.15117136299448225,0.0,0.0,0.0,0.8617667031349282,-0.2706767557378624,0.021787795721115888,0.0,-0.053971869376500746,21,0.0,0.0,0.0,0.7,1.1935733103503784e-05,175.26,-0.05505947644109005,-0.5218605214529659,0.0,-0.2603239439494988,-0.110883355123966,0.28936767578125,0.020059708040207624,0.8406912684440613,49.71439075469971,0.026981322,0.00029987712,229826,-36.90678882598877,1.0011160373687744,0.2,22.135019302368164
0.5,-0.34134260140839645,0.0,-0.22415323101368104,-0.4535313860598367,0.7710077524393485,0.0,0.0,-0.07866541748326744,4069,405504,0.0,-0.060119570669388236,-0.05183155886788303,-78.92061177000001,0.0,0.0,0.0,-0.014982952829018424,0.0,-0.0005996313767455933,99,0.3585596166064078,-0.3709361863796041,0.01,0.5192052640213423,0.16008315519642266,0.0,0.0,0.0,0.9197617186499772,-0.26814564983267924,0.02226859771807956,0.0,-0.045565487236146715,22,0.0,0.0,0.0,0.7,0.0,169.7,-0.051605886665863535,-0.46157141833569504,0.0,-0.23588064032158224,-0.1110032589942669,0.3111572265625,0.023645310197025537,0.8250234127044678,52.64568901062012,0.03226139,0.000299870976,229827,-36.90672206878662,1.0011173486709595,0.2,24.045597076416016
0.5,-0.33355383898222896,0.0,-0.23241036218296085,-0.46255475628179465,0.7216288425147895,0.0,0.0,-0.08963616960907447,4072,423936,0.0,-0.059491242302677154,-0.07571660898400304,-78.66397017,0.0,0.0,0.0,-0.02193119288480581,0.0,-0.0008581488994726291,104,0.3495325579076068,-0.3905091798317054,0.01,0.5255601602787486,0.1366511433983358,0.0,0.0,0.0,0.863712776341369,-0.26616139491092045,0.025672772867690142,0.0,-0.05155575170127892,23,0.0,0.0,0.0,0.7,4.0147482650354505e-05,176.89,-0.055988343745936545,-0.48158832096811316,0.0,-0.24028364039208178,-0.11095903596798495,0.2088623046875,0.02001107158139348,0.8636841177940369,50.110822677612305,0.023786614,0.000299864832,229828,-36.89706611633301,1.0003589391708374,0.2,23.02979278564453
0.5,-0.32271902151655246,0.0,-0.20066106191368788,-0.46001555594179355,0.6738618251114836,0.0,0.0,-0.09177058216261802,4074,442368,0.0,-0.05826215500925964,-0.05945431262665479,-79.96773411999999,0.0,0.0,0.0,-0.015425322765855105,0.0,-0.0018454226196303756,108,0.3527680948064874,-0.37953738298630335,0.01,0.5191627033973868,0.15238050070610137,0.0,0.0,0.0,0.91278466652673,-0.28703070812555215,0.02586139188326497,0.0,-0.0405271448798141,24,0.0,0.0,0.0,0.7,2.6041603026290733e-05,166.96,-0.05600447739089239,-0.4360936359498283,0.0,-0.2219697205745657,-0.11102108876897744,0.207275390625,0.016440594801679254,0.8480870127677917,55.9807014465332,0.022607522,0.000299858688,229829,-36.89690399169922,1.0003464221954346,0.2,26.227432250976562
0.5,-0.31024226038525304,0.0,-0.1823166924645417,-0.4272272696966982,0.7179297770408442,0.0,0.0,-0.1047833373813525,4076,460800,0.0,-0.05525482085642191,-0.04586300645113843,-83.69605646,0.0,0.0,0.0,-0.012801747907574228,0.0,-0.0006616150171289013,113,0.3600067500825015,-0.38285842636849143,0.01,0.5194858206223792,0.1338920664734849,0.0,0.0,0.0,0.791467618513699,-0.2988882629606911,0.030383715910594213,0.0,-0.04210631915177801,25,0.0,0.0,0.0,0.7,2.0616280380636454e-05,164.3,-0.052285029186334146,-0.405901700453291,0.0,-0.2131063035143422,-0.11093693841596818,0.303466796875,0.02598736124734084,0.8655076026916504,53.068747202555336,0.035267502,0.000299852544,229830,-36.90137227376302,1.0006945133209229,0.2,24.395126342773438
0.5,-0.32466824087540924,0.0,-0.21295615208908442,-0.4346273318700977,0.7690688249911901,0.0,0.0,-0.0856485536357228,4079,479232,0.0,-0.057123028851328334,-0.04250729515330646,-77.9899605,0.0,0.0,0.0,-0.019922360035957983,0.0,-0.0011977755526054858,117,0.35957158750376145,-0.36557982925377636,0.01,0.5243606341876865,0.17269750650640217,0.0,0.0,0.0,0.8774609919078679,-0.2861872395645044,0.024723253640976547,0.0,-0.04092946305935949,26,0.0,0.0,0.0,0.7,2.1701271180063486e-06,165.92,-0.053196135483351704,-0.42999870188648825,0.0,-0.22197673221562172,-0.11095534774205566,0.29423828125,0.020148992212489246,0.8560238480567932,56.23327713012695,0.027927345,0.00029984639999999996,229831,-36.909002685546874,1.0012656450271606,0.2,26.00098991394043
0.5,-0.332818719355317,0.0,-0.22003221863720185,-0.4570891919828658,0.7006422160808686,0.0,0.0,-0.08702696100350915,4080,497664,0.0,-0.05810781154209553,-0.05890480771943244,-77.74157169000001,0.0,0.0,0.0,-0.01600900243917259,0.0,-0.0010957781503546154,121,0.34965307375149396,-0.3813246443168459,0.01,0.5188240868899564,0.12853803061486507,0.0,0.0,0.0,0.9357504580585118,-0.30082316936640363,0.024150694585910442,0.0,-0.04654540883952171,27,0.0,0.0,0.0,0.7,3.038187666485707e-05,167.54,-0.05192846313276786,-0.46171629392410246,0.0,-0.24519294710327078,-0.11118591126678294,0.28427734375,0.017498723044991494,0.8816985487937927,48.72445907592773,0.025553543,0.00029984025599999996,229832,-36.9079345703125,1.001194953918457,0.2,22.79849624633789
0.5,-0.3388267197648607,0.0,-0.2224030016034098,-0.44298681515947985,0.7306345801759095,0.0,0.0,-0.06389128274815464,4036,516096,0.0,-0.05893248966526573,-0.05928158217668262,-68.37791651,0.0,0.0,0.0,-0.017265458208593605,0.0,-0.0007680886224584861,127,0.36341745846156576,-0.38035245279747004,0.01,0.5245167986466994,0.17304127697774682,0.0,0.0,0.0,1.070174211227529,-0.29503635512915205,0.02043400484070963,0.0,-0.047135875166026214,28,0.0,0.0,0.0,0.7,1.3563345419242978e-05,165.88,-0.05366150197700214,-0.45138866998470145,0.0,-0.24520342603358458,-0.11117665904338331,0.2809244791666667,0.01955905184149742,0.8788878321647644,46.68486022949219,0.027484616,0.000299834112,229833,-36.899932861328125,1.0005724430084229,0.2,22.691892623901367
0.5,-0.3494504023781389,0.0,-0.23268980633760514,-0.43603906544044635,0.6623940835186167,0.0,0.0,-0.07526541196367742,4037,534528,0.0,-0.05801801461285846,-0.08087781855669093,-73.11001067,0.0,0.0,0.0,-0.029575734524007986,0.0,-0.001912697638747179,132,0.37128778893691083,-0.3763635320941747,0.01,0.5238072618057316,0.18363146964473262,0.0,0.0,0.0,0.9200739755695184,-0.2851026235653207,0.018912484218289217,0.0,-0.0491740689864552,29,0.0,0.0,0.0,0.7,3.7977355532348156e-05,174.01,-0.06298997119999084,-0.45681646721487534,0.0,-0.24821903526440586,-0.11128286560068663,0.29345703125,0.019256334053352475,0.8883283734321594,45.424330711364746,0.027472675,0.000299827968,229834,-36.90327262878418,1.000844955444336,0.2,22.34907341003418
0.5,-0.32221592327782234,0.0,-0.1972352100097797,-0.46952509482094906,0.7455810314418799,0.0,0.0,-0.10956037869733046,4039,552960,0.0,-0.056897680512396555,-0.07436776546535785,-82.90231882,0.0,0.0,0.0,-0.013022864920033949,0.0,-0.0015140688645058414,136,0.37035984481499373,-0.3820517397663862,0.01,0.525399608837861,0.14429691032715594,0.0,0.0,0.0,0.7908758087656007,-0.28744375884747425,0.032130789963644574,0.0,-0.038810099979103355,30,0.0,0.0,0.0,0.7,8.13799366975824e-06,163.71,-0.05354130406315005,-0.43941088894106445,0.0,-0.2129733128086266,-0.11080572242774561,0.28485107421875,0.016463376639876515,0.8674734234809875,46.71952819824219,0.026168028,0.000299821824,229835,-36.90332794189453,1.0008429288864136,0.2,21.87128257751465
0.5,-0.3420567645967152,0.0,-0.24861188489614447,-0.46101712173255394,0.8309627923943211,0.0,0.0,-0.07693491367491123,4042,571392,0.0,-0.05919949379654102,-0.08697897576180891,-81.85814541,0.0,0.0,0.0,-0.021175882011370172,0.0,-0.0008009107631450105,141,0.34796097473905685,-0.41685768497161907,0.01,0.5201357364900068,0.1498305557388346,0.0,0.0,0.0,0.7943912918875333,-0.2835344287374939,0.02682288434904588,0.0,-0.049827434319099875,31,0.0,0.0,0.0,0.7,3.5264684508244194e-05,172.14,-0.05968314459839852,-0.5006039651730525,0.0,-0.24370475897060542,-0.11112831764108212,0.2689208984375,0.016005848185159266,0.8495341539382935,43.25368881225586,0.023297936,0.00029981568,229836,-36.903164863586426,1.0008423328399658,0.2,19.5153751373291
0.5,-0.3347083242890486,0.0,-0.23654717410677475,-0.46226354642687123,0.728211674396545,0.0,0.0,-0.08834525079004535,4044,589824,0.0,-0.0572296980423151,-0.0759707051418699,-77.3533877,0.0,0.0,0.0,-0.01939733913846005,0.0,-0.0008108115742086536,145,0.36461759771250724,-0.395109000406715,0.01,0.5185907453765107,0.1616831816421539,0.0,0.0,0.0,0.9071313272045776,-0.2878792643537234,0.025760144335157383,0.0,-0.04583365034983271,32,0.0,0.0,0.0,0.7,5.967872372517983e-05,171.41,-0.05838023625313956,-0.45470639376120214,0.0,-0.22920049457050387,-0.11105940933808141,0.31854248046875,0.02227002033032477,0.8690874576568604,44.48591327667236,0.030820794,0.000299809536,229837,-36.90390872955322,1.0008889436721802,0.2,20.808956146240234
0.5,-0.3427557730500303,0.0,-0.21481625269262064,-0.44988819553977905,0.8007722002507079,0.0,0.0,-0.08258089102624468,4045,608256,0.0,-0.05674663444551991,-0.06529798366476953,-75.18798755,0.0,0.0,0.0,-0.020159090511741785,0.0,-0.001092658602930088,150,0.361832682329396,-0.3801485045696044,0.01,0.5261035530263002,0.16594438396794503,0.0,0.0,0.0,0.8717955570461078,-0.2902304714453708,0.02397537498997794,0.0,-0.049538169772525856,33,0.0,0.0,0.0,0.7,2.821175924812754e-05,171.77,-0.05607930547366654,-0.4638082750023336,0.0,-0.2459844796023741,-0.11125191080243695,0.27001953125,0.016965380559364956,0.8926726579666138,46.415201822916664,0.027227731,0.00029980339199999997,229838,-36.90060043334961,1.00063157081604,0.2,22.08875846862793
